sample,actual,predicted
0,750.93445,648.7177
1,805.76355,653.7008
2,801.7174,651.1675
3,782.44464,646.2505
4,828.0471,637.9445
5,816.8533,661.76416
6,781.7146,648.16327
7,783.9777,653.65405
8,733.9464,671.21704
9,712.2158,667.0725
10,732.5593,665.91876
11,793.7358,661.8953
