sample,actual,predicted
0,1005.799,989.8042
1,1072.3105,968.6555
2,1120.1514,988.7143
3,1140.397,994.9417
4,1164.1805,1026.2317
5,1230.2168,1007.6849
6,1273.6161,1002.1383
7,1207.0659,997.094
8,1150.5592,981.72266
9,1105.0708,1028.3458
10,1166.0446,1021.57056
11,1208.0337,974.35657
